id,date,payer,amount,currency,participants,status,refund_of,description,sources,comment
L01,2026-10-08,Антон,48000,RUB,Антон;Борис;Вера;Глеб;Даша,учтено,,Апартаменты «Пять окон» 3 ночи,C01;M03,
L02,2026-10-10,Даша,2500,RUB,Антон;Борис;Вера;Глеб;Даша,учтено,,Трансфер до аэропорта вылета,C02;M04,
L03,2026-10-10,Борис,15000,KZT,Антон;Борис;Вера;Глеб;Даша,учтено,,Такси аэропорт Алматы → апартаменты (TAX-410),C03;M05;M08,"Дубль: сообщение об оплате (M05) и фото квитанции (M08) — один платёж: совпадают заказ TAX-410, дата, плательщик и сумма"
L04,2026-10-10,Вера,18000,KZT,Антон;Борис;Вера;Глеб;Даша,учтено,,"Вода, хлеб, перекусы в апартаменты",C04;M06,
L05,2026-10-10,Борис,48000,KZT,Антон;Борис;Вера;Даша,учтено,,Ужин «Тёплый двор» 47 500 + чаевые 500,C05;M07;M09;M10;M12;M13;M14;M16;M17,"Глеба не было (M07, M10 «он», M17). Отдано 50 000 наличными, сдачи получено 2 000 — фактически 48 000; 500 чаевых делим вчетвером (M13, M14, M16)"
L06,2026-10-10,Вера,10000,KZT,Борис,учтено,,Заём наличными Вера → Борис,M11;M12;M16,"Не трата, а передача денег внутри группы. Инструмент таких не знает — записано как «трата Веры на Бориса», чтобы долг попал в балансы"
L07,2026-10-10,Борис,1200,RUB,Вера,учтено,,Частичный возврат займа Борис → Вера,M18;M19,"Передача внутри группы (подтверждена M19), записана как «трата Бориса на Веру». Остаток займа — во взаимозачёт (M38)"
L08,2026-10-10,Борис,,RUB,Вера,спорное,,Обещание вернуть заём 2 000 ₽,M15,"Обещано 2 000 ₽ «вечером» (M15), фактически переведено 1 200 ₽ (M18). В расчёт не идёт: остаток 800 ₽ закрывается через балансы (M38)"
L09,2026-10-11,Глеб,90000,KZT,Антон;Борис;Вера;Глеб,учтено,,Экскурсия «Выше города» 5 билетов,C06;M20;M21;M22,"Даша не поехала (M21, «она» в M22 = Даша); её билет возвращён (L10) — делим на четверых"
L10,2026-10-11,Глеб,-18000,KZT,Антон;Борис;Вера;Глеб,учтено,L09,Возврат билета Даши,C07;M24;M25,Возврат зачислен Глебу (M25); делится на тех же четверых
L11,2026-10-11,Даша,15000,KZT,Антон;Борис;Вера;Глеб;Даша,учтено,,Кофе и десерты «Пятая чашка»,C08;M26,
L12,2026-10-12,Вера,24000,KZT,Антон;Вера;Даша,учтено,,Музей 3 билета,C09;M27;M28;M29,Борис и Глеб пропустили музей (M28)
L13,2026-10-12,Даша,12000,KZT,Борис;Глеб;Даша,учтено,,Обед «Клён»,C10;M30;M31;M32,"«Она» в M31 = Даша (M30, M32); Антон и Вера не обедали"
L14,2026-10-12,Глеб,30000,KZT,Антон;Борис;Вера;Глеб;Даша,учтено,,Последний ужин «Вечерний стол»,C11;M33,
L15,2026-10-13,Борис,21000,KZT,Антон;Борис;Вера;Глеб;Даша,учтено,,Такси в аэропорт Алматы (TAX-988),C12;M34,
L16,2026-10-13,Вера,3000,RUB,Борис;Вера;Глеб,учтено,,Такси из аэропорта домой,C13;M35,Антон и Даша в этой машине не ехали (M35)
L17,2026-10-14,Антон,-6000,RUB,Антон;Борис;Вера;Глеб;Даша,учтено,L01,Компенсация за проживание,C14;M36;M37,"M36 — только обещание, деньги пришли в M37 (чек C14)"
